{"0": {"benign_accuracy": 36.1, "adv_accuracy": 22.78, "benign_loss": 177.9286128282547, "adv_loss": 203.87648224830627}, "1": {"benign_accuracy": 43.62, "adv_accuracy": 25.56, "benign_loss": 161.68619239330292, "adv_loss": 198.92305946350098}, "2": {"benign_accuracy": 48.02, "adv_accuracy": 26.35, "benign_loss": 148.73672199249268, "adv_loss": 192.5128663778305}, "3": {"benign_accuracy": 53.31, "adv_accuracy": 28.41, "benign_loss": 141.49699580669403, "adv_loss": 186.69099080562592}, "4": {"benign_accuracy": 58.91, "adv_accuracy": 28.57, "benign_loss": 120.46422338485718, "adv_loss": 185.4357441663742}, "5": {"benign_accuracy": 62.32, "adv_accuracy": 31.99, "benign_loss": 119.03731489181519, "adv_loss": 179.5154685974121}, "6": {"benign_accuracy": 66.42, "adv_accuracy": 32.32, "benign_loss": 107.40600901842117, "adv_loss": 177.17971765995026}, "7": {"benign_accuracy": 68.31, "adv_accuracy": 32.67, "benign_loss": 100.01594144105911, "adv_loss": 180.5010244846344}, "8": {"benign_accuracy": 69.88, "adv_accuracy": 33.1, "benign_loss": 105.85282564163208, "adv_loss": 175.40766751766205}, "9": {"benign_accuracy": 71.45, "adv_accuracy": 33.4, "benign_loss": 100.46590054035187, "adv_loss": 175.39379262924194}, "10": {"benign_accuracy": 72.06, "adv_accuracy": 33.95, "benign_loss": 99.70601511001587, "adv_loss": 173.62740397453308}, "11": {"benign_accuracy": 72.97, "adv_accuracy": 35.19, "benign_loss": 99.89259678125381, "adv_loss": 169.6597841978073}, "12": {"benign_accuracy": 73.31, "adv_accuracy": 36.95, "benign_loss": 96.83191841840744, "adv_loss": 169.46309757232666}, "13": {"benign_accuracy": 76.4, "adv_accuracy": 36.18, "benign_loss": 96.0040871500969, "adv_loss": 169.38890862464905}, "14": {"benign_accuracy": 75.69, "adv_accuracy": 38.61, "benign_loss": 93.05245399475098, "adv_loss": 161.74730741977692}, "15": {"benign_accuracy": 76.36, "adv_accuracy": 36.59, "benign_loss": 88.64943259954453, "adv_loss": 167.93947756290436}, "16": {"benign_accuracy": 77.15, "adv_accuracy": 39.38, "benign_loss": 84.5833849310875, "adv_loss": 159.1514891386032}, "17": {"benign_accuracy": 76.19, "adv_accuracy": 40.42, "benign_loss": 92.22036504745483, "adv_loss": 158.08643221855164}, "18": {"benign_accuracy": 78.51, "adv_accuracy": 40.48, "benign_loss": 87.8286395072937, "adv_loss": 158.08821666240692}, "19": {"benign_accuracy": 78.3, "adv_accuracy": 39.15, "benign_loss": 86.64472037553787, "adv_loss": 159.69612157344818}, "20": {"benign_accuracy": 78.23, "adv_accuracy": 40.68, "benign_loss": 83.77538001537323, "adv_loss": 156.18874287605286}, "21": {"benign_accuracy": 78.9, "adv_accuracy": 41.06, "benign_loss": 84.15971511602402, "adv_loss": 158.12474811077118}, "22": {"benign_accuracy": 80.5, "adv_accuracy": 40.73, "benign_loss": 70.17076277732849, "adv_loss": 159.8592848777771}}