{"Tech0": [[10, "0.029999999329447746"], [30, "0.4140909016132355"], [50, "0.04500000178813934"]], "Tech1": [[10, "0.4140909016132355"], [30, "0.15590909123420715"], [50, "0.36318182945251465"]], "Tech2": [[10, "0.03999999910593033"], [30, "0.054999999701976776"], [50, "0.4140909016132355"]], "Tech3": [[10, "0.09045454859733582"], [30, "0.1359090954065323"], [50, "0.04500000178813934"]]}