{"Tech0": [[10, "0.4140909016132355"], [30, "0.5585493593583953"], [50, "0.68454545736"]], "Tech1": [[10, "0.0450840258439005"], [30, "0.45590909123420715"], [50, "0.7595454421997"]], "Tech2": [[10, "0.16699999910593033"], [30, "0.23999999701976776"], [50, "0.5295454454421997"]], "Tech3": [[10, "0.09045454859733582"], [30, "0.1359090954065323"], [50, "0.635793529357323"]]}
