{"Tech0": [[10, "0.4140909016132355"], [30, "0.04500000178813934"], [50, "0.6845454573631287"]], "Tech1": [[10, "0.04500000178813934"], [30, "0.04500000178813934"], [50, "0.7595454454421997"]], "Tech2": [[10, "0.1663636416196823"], [30, "0.1599999964237213"], [50, "0.5290908813476562"]], "Tech3": [[10, "0.04500000178813934"], [30, "0.09545454382896423"], [50, "0.06499999761581421"]]}